date,value,series_id
2000-01-01,6.66,DGS10
2000-02-01,6.52,DGS10
2000-03-01,6.26,DGS10
2000-04-01,5.99,DGS10
2000-05-01,6.44,DGS10
2000-06-01,6.1,DGS10
2000-07-01,6.05,DGS10
2000-08-01,5.83,DGS10
2000-09-01,5.8,DGS10
2000-10-01,5.74,DGS10
2000-11-01,5.72,DGS10
2000-12-01,5.24,DGS10
2001-01-01,5.16,DGS10
2001-02-01,5.1,DGS10
2001-03-01,4.89,DGS10
2001-04-01,5.14,DGS10
2001-05-01,5.39,DGS10
2001-06-01,5.28,DGS10
2001-07-01,5.24,DGS10
2001-08-01,4.97,DGS10
2001-09-01,4.73,DGS10
2001-10-01,4.57,DGS10
2001-11-01,4.65,DGS10
2001-12-01,5.09,DGS10
2002-01-01,5.04,DGS10
2002-02-01,4.91,DGS10
2002-03-01,5.28,DGS10
2002-04-01,5.21,DGS10
2002-05-01,5.16,DGS10
2002-06-01,4.93,DGS10
2002-07-01,4.65,DGS10
2002-08-01,4.26,DGS10
2002-09-01,3.87,DGS10
2002-10-01,3.94,DGS10
2002-11-01,4.05,DGS10
2002-12-01,4.03,DGS10
2003-01-01,4.05,DGS10
2003-02-01,3.9,DGS10
2003-03-01,3.81,DGS10
2003-04-01,3.96,DGS10
2003-05-01,3.57,DGS10
2003-06-01,3.33,DGS10
2003-07-01,3.98,DGS10
2003-08-01,4.45,DGS10
2003-09-01,4.27,DGS10
2003-10-01,4.29,DGS10
2003-11-01,4.3,DGS10
2003-12-01,4.27,DGS10
2004-01-01,4.15,DGS10
2004-02-01,4.08,DGS10
2004-03-01,3.83,DGS10
2004-04-01,4.35,DGS10
2004-05-01,4.72,DGS10
2004-06-01,4.73,DGS10
2004-07-01,4.5,DGS10
2004-08-01,4.28,DGS10
2004-09-01,4.13,DGS10
2004-10-01,4.1,DGS10
2004-11-01,4.19,DGS10
2004-12-01,4.23,DGS10
2005-01-01,4.22,DGS10
2005-02-01,4.17,DGS10
2005-03-01,4.5,DGS10
2005-04-01,4.34,DGS10
2005-05-01,4.14,DGS10
2005-06-01,4.0,DGS10
2005-07-01,4.18,DGS10
2005-08-01,4.26,DGS10
2005-09-01,4.2,DGS10
2005-10-01,4.46,DGS10
2005-11-01,4.54,DGS10
2005-12-01,4.47,DGS10
2006-01-01,4.42,DGS10
2006-02-01,4.57,DGS10
2006-03-01,4.72,DGS10
2006-04-01,4.99,DGS10
2006-05-01,5.11,DGS10
2006-06-01,5.11,DGS10
2006-07-01,5.09,DGS10
2006-08-01,4.88,DGS10
2006-09-01,4.72,DGS10
2006-10-01,4.73,DGS10
2006-11-01,4.6,DGS10
2006-12-01,4.56,DGS10
2007-01-01,4.76,DGS10
2007-02-01,4.72,DGS10
2007-03-01,4.56,DGS10
2007-04-01,4.69,DGS10
2007-05-01,4.75,DGS10
2007-06-01,5.1,DGS10
2007-07-01,5.0,DGS10
2007-08-01,4.67,DGS10
2007-09-01,4.52,DGS10
2007-10-01,4.53,DGS10
2007-11-01,4.15,DGS10
2007-12-01,4.1,DGS10
2008-01-01,3.74,DGS10
2008-02-01,3.74,DGS10
2008-03-01,3.51,DGS10
2008-04-01,3.68,DGS10
2008-05-01,3.88,DGS10
2008-06-01,4.1,DGS10
2008-07-01,4.01,DGS10
2008-08-01,3.89,DGS10
2008-09-01,3.69,DGS10
2008-10-01,3.81,DGS10
2008-11-01,3.53,DGS10
2008-12-01,2.42,DGS10
2009-01-01,2.52,DGS10
2009-02-01,2.87,DGS10
2009-03-01,2.82,DGS10
2009-04-01,2.93,DGS10
2009-05-01,3.29,DGS10
2009-06-01,3.72,DGS10
2009-07-01,3.56,DGS10
2009-08-01,3.59,DGS10
2009-09-01,3.4,DGS10
2009-10-01,3.39,DGS10
2009-11-01,3.4,DGS10
2009-12-01,3.59,DGS10
2010-01-01,3.73,DGS10
2010-02-01,3.69,DGS10
2010-03-01,3.73,DGS10
2010-04-01,3.85,DGS10
2010-05-01,3.42,DGS10
2010-06-01,3.2,DGS10
2010-07-01,3.01,DGS10
2010-08-01,2.7,DGS10
2010-09-01,2.65,DGS10
2010-10-01,2.54,DGS10
2010-11-01,2.76,DGS10
2010-12-01,3.29,DGS10
2011-01-01,3.39,DGS10
2011-02-01,3.58,DGS10
2011-03-01,3.41,DGS10
2011-04-01,3.46,DGS10
2011-05-01,3.17,DGS10
2011-06-01,3.0,DGS10
2011-07-01,3.0,DGS10
2011-08-01,2.3,DGS10
2011-09-01,1.98,DGS10
2011-10-01,2.15,DGS10
2011-11-01,2.01,DGS10
2011-12-01,1.98,DGS10
2012-01-01,1.97,DGS10
2012-02-01,1.97,DGS10
2012-03-01,2.17,DGS10
2012-04-01,2.05,DGS10
2012-05-01,1.8,DGS10
2012-06-01,1.62,DGS10
2012-07-01,1.53,DGS10
2012-08-01,1.68,DGS10
2012-09-01,1.72,DGS10
2012-10-01,1.75,DGS10
2012-11-01,1.65,DGS10
2012-12-01,1.72,DGS10
2013-01-01,1.91,DGS10
2013-02-01,1.98,DGS10
2013-03-01,1.96,DGS10
2013-04-01,1.76,DGS10
2013-05-01,1.93,DGS10
2013-06-01,2.3,DGS10
2013-07-01,2.58,DGS10
2013-08-01,2.74,DGS10
2013-09-01,2.81,DGS10
2013-10-01,2.62,DGS10
2013-11-01,2.72,DGS10
2013-12-01,2.9,DGS10
2014-01-01,2.86,DGS10
2014-02-01,2.71,DGS10
2014-03-01,2.72,DGS10
2014-04-01,2.71,DGS10
2014-05-01,2.56,DGS10
2014-06-01,2.6,DGS10
2014-07-01,2.54,DGS10
2014-08-01,2.42,DGS10
2014-09-01,2.53,DGS10
2014-10-01,2.3,DGS10
2014-11-01,2.33,DGS10
2014-12-01,2.21,DGS10
2015-01-01,1.88,DGS10
2015-02-01,1.98,DGS10
2015-03-01,2.04,DGS10
2015-04-01,1.94,DGS10
2015-05-01,2.2,DGS10
2015-06-01,2.36,DGS10
2015-07-01,2.32,DGS10
2015-08-01,2.17,DGS10
2015-09-01,2.17,DGS10
2015-10-01,2.07,DGS10
2015-11-01,2.26,DGS10
2015-12-01,2.24,DGS10
2016-01-01,2.09,DGS10
2016-02-01,1.78,DGS10
2016-03-01,1.89,DGS10
2016-04-01,1.81,DGS10
2016-05-01,1.81,DGS10
2016-06-01,1.64,DGS10
2016-07-01,1.5,DGS10
2016-08-01,1.56,DGS10
2016-09-01,1.63,DGS10
2016-10-01,1.76,DGS10
2016-11-01,2.14,DGS10
2016-12-01,2.49,DGS10
2017-01-01,2.43,DGS10
2017-02-01,2.42,DGS10
2017-03-01,2.48,DGS10
2017-04-01,2.3,DGS10
2017-05-01,2.3,DGS10
2017-06-01,2.19,DGS10
2017-07-01,2.32,DGS10
2017-08-01,2.21,DGS10
2017-09-01,2.2,DGS10
2017-10-01,2.36,DGS10
2017-11-01,2.35,DGS10
2017-12-01,2.4,DGS10
2018-01-01,2.58,DGS10
2018-02-01,2.86,DGS10
2018-03-01,2.84,DGS10
2018-04-01,2.87,DGS10
2018-05-01,2.98,DGS10
2018-06-01,2.91,DGS10
2018-07-01,2.89,DGS10
2018-08-01,2.89,DGS10
2018-09-01,3.0,DGS10
2018-10-01,3.15,DGS10
2018-11-01,3.12,DGS10
2018-12-01,2.83,DGS10
2019-01-01,2.71,DGS10
2019-02-01,2.68,DGS10
2019-03-01,2.57,DGS10
2019-04-01,2.53,DGS10
2019-05-01,2.4,DGS10
2019-06-01,2.07,DGS10
2019-07-01,2.06,DGS10
2019-08-01,1.63,DGS10
2019-09-01,1.7,DGS10
2019-10-01,1.71,DGS10
2019-11-01,1.81,DGS10
2019-12-01,1.86,DGS10
2020-01-01,1.76,DGS10
2020-02-01,1.5,DGS10
2020-03-01,0.87,DGS10
2020-04-01,0.66,DGS10
2020-05-01,0.67,DGS10
2020-06-01,0.73,DGS10
2020-07-01,0.62,DGS10
2020-08-01,0.65,DGS10
2020-09-01,0.68,DGS10
2020-10-01,0.79,DGS10
2020-11-01,0.87,DGS10
2020-12-01,0.93,DGS10
2021-01-01,1.08,DGS10
2021-02-01,1.26,DGS10
2021-03-01,1.61,DGS10
2021-04-01,1.64,DGS10
2021-05-01,1.62,DGS10
2021-06-01,1.52,DGS10
2021-07-01,1.32,DGS10
2021-08-01,1.28,DGS10
2021-09-01,1.37,DGS10
2021-10-01,1.58,DGS10
2021-11-01,1.56,DGS10
2021-12-01,1.47,DGS10
2022-01-01,1.76,DGS10
2022-02-01,1.93,DGS10
2022-03-01,2.13,DGS10
2022-04-01,2.75,DGS10
2022-05-01,2.9,DGS10
2022-06-01,3.14,DGS10
2022-07-01,2.9,DGS10
2022-08-01,2.9,DGS10
2022-09-01,3.52,DGS10
2022-10-01,3.98,DGS10
2022-11-01,3.89,DGS10
2022-12-01,3.62,DGS10
2023-01-01,3.53,DGS10
2023-02-01,3.75,DGS10
2023-03-01,3.66,DGS10
2023-04-01,3.46,DGS10
2023-05-01,3.57,DGS10
2023-06-01,3.75,DGS10
2023-07-01,3.9,DGS10
2023-08-01,4.17,DGS10
2023-09-01,4.38,DGS10
2023-10-01,4.8,DGS10
2023-11-01,4.5,DGS10
2023-12-01,4.02,DGS10
2024-01-01,4.06,DGS10
2024-02-01,4.21,DGS10
2024-03-01,4.21,DGS10
2024-04-01,4.54,DGS10
2024-05-01,4.48,DGS10
2024-06-01,4.31,DGS10
2024-07-01,4.25,DGS10
2024-08-01,3.87,DGS10
2024-09-01,3.72,DGS10
2024-10-01,4.1,DGS10
2024-11-01,4.36,DGS10
2024-12-01,4.39,DGS10
2025-01-01,4.63,DGS10
2025-02-01,4.45,DGS10
2025-03-01,4.28,DGS10
2025-04-01,4.28,DGS10
2025-05-01,4.42,DGS10
2025-06-01,4.38,DGS10
2025-07-01,4.39,DGS10
2025-08-01,4.26,DGS10
2025-09-01,4.12,DGS10
2025-10-01,4.06,DGS10
2025-11-01,4.09,DGS10
2025-12-01,4.14,DGS10
2026-01-01,4.21,DGS10
2026-02-01,4.13,DGS10
2026-03-01,4.23,DGS10
2000-01-01,6.44,DGS2
2000-02-01,6.61,DGS2
2000-03-01,6.53,DGS2
2000-04-01,6.4,DGS2
2000-05-01,6.81,DGS2
2000-06-01,6.48,DGS2
2000-07-01,6.34,DGS2
2000-08-01,6.23,DGS2
2000-09-01,6.08,DGS2
2000-10-01,5.91,DGS2
2000-11-01,5.88,DGS2
2000-12-01,5.35,DGS2
2001-01-01,4.76,DGS2
2001-02-01,4.66,DGS2
2001-03-01,4.34,DGS2
2001-04-01,4.23,DGS2
2001-05-01,4.26,DGS2
2001-06-01,4.08,DGS2
2001-07-01,4.04,DGS2
2001-08-01,3.76,DGS2
2001-09-01,3.12,DGS2
2001-10-01,2.73,DGS2
2001-11-01,2.78,DGS2
2001-12-01,3.11,DGS2
2002-01-01,3.03,DGS2
2002-02-01,3.02,DGS2
2002-03-01,3.56,DGS2
2002-04-01,3.42,DGS2
2002-05-01,3.26,DGS2
2002-06-01,2.99,DGS2
2002-07-01,2.56,DGS2
2002-08-01,2.13,DGS2
2002-09-01,2.0,DGS2
2002-10-01,1.91,DGS2
2002-11-01,1.92,DGS2
2002-12-01,1.84,DGS2
2003-01-01,1.74,DGS2
2003-02-01,1.63,DGS2
2003-03-01,1.57,DGS2
2003-04-01,1.62,DGS2
2003-05-01,1.42,DGS2
2003-06-01,1.23,DGS2
2003-07-01,1.47,DGS2
2003-08-01,1.86,DGS2
2003-09-01,1.71,DGS2
2003-10-01,1.75,DGS2
2003-11-01,1.93,DGS2
2003-12-01,1.91,DGS2
2004-01-01,1.76,DGS2
2004-02-01,1.74,DGS2
2004-03-01,1.58,DGS2
2004-04-01,2.07,DGS2
2004-05-01,2.53,DGS2
2004-06-01,2.76,DGS2
2004-07-01,2.64,DGS2
2004-08-01,2.51,DGS2
2004-09-01,2.53,DGS2
2004-10-01,2.58,DGS2
2004-11-01,2.85,DGS2
2004-12-01,3.01,DGS2
2005-01-01,3.22,DGS2
2005-02-01,3.38,DGS2
2005-03-01,3.73,DGS2
2005-04-01,3.65,DGS2
2005-05-01,3.64,DGS2
2005-06-01,3.64,DGS2
2005-07-01,3.87,DGS2
2005-08-01,4.04,DGS2
2005-09-01,3.95,DGS2
2005-10-01,4.27,DGS2
2005-11-01,4.42,DGS2
2005-12-01,4.4,DGS2
2006-01-01,4.4,DGS2
2006-02-01,4.67,DGS2
2006-03-01,4.73,DGS2
2006-04-01,4.89,DGS2
2006-05-01,4.97,DGS2
2006-06-01,5.12,DGS2
2006-07-01,5.12,DGS2
2006-08-01,4.9,DGS2
2006-09-01,4.77,DGS2
2006-10-01,4.8,DGS2
2006-11-01,4.74,DGS2
2006-12-01,4.67,DGS2
2007-01-01,4.88,DGS2
2007-02-01,4.85,DGS2
2007-03-01,4.57,DGS2
2007-04-01,4.67,DGS2
2007-05-01,4.77,DGS2
2007-06-01,4.98,DGS2
2007-07-01,4.82,DGS2
2007-08-01,4.31,DGS2
2007-09-01,4.01,DGS2
2007-10-01,3.97,DGS2
2007-11-01,3.34,DGS2
2007-12-01,3.12,DGS2
2008-01-01,2.48,DGS2
2008-02-01,1.97,DGS2
2008-03-01,1.62,DGS2
2008-04-01,2.05,DGS2
2008-05-01,2.45,DGS2
2008-06-01,2.77,DGS2
2008-07-01,2.57,DGS2
2008-08-01,2.42,DGS2
2008-09-01,2.08,DGS2
2008-10-01,1.61,DGS2
2008-11-01,1.21,DGS2
2008-12-01,0.82,DGS2
2009-01-01,0.81,DGS2
2009-02-01,0.98,DGS2
2009-03-01,0.93,DGS2
2009-04-01,0.93,DGS2
2009-05-01,0.93,DGS2
2009-06-01,1.18,DGS2
2009-07-01,1.02,DGS2
2009-08-01,1.12,DGS2
2009-09-01,0.96,DGS2
2009-10-01,0.95,DGS2
2009-11-01,0.8,DGS2
2009-12-01,0.87,DGS2
2010-01-01,0.93,DGS2
2010-02-01,0.86,DGS2
2010-03-01,0.96,DGS2
2010-04-01,1.06,DGS2
2010-05-01,0.83,DGS2
2010-06-01,0.72,DGS2
2010-07-01,0.62,DGS2
2010-08-01,0.52,DGS2
2010-09-01,0.48,DGS2
2010-10-01,0.38,DGS2
2010-11-01,0.45,DGS2
2010-12-01,0.62,DGS2
2011-01-01,0.61,DGS2
2011-02-01,0.77,DGS2
2011-03-01,0.7,DGS2
2011-04-01,0.73,DGS2
2011-05-01,0.56,DGS2
2011-06-01,0.41,DGS2
2011-07-01,0.41,DGS2
2011-08-01,0.23,DGS2
2011-09-01,0.21,DGS2
2011-10-01,0.28,DGS2
2011-11-01,0.25,DGS2
2011-12-01,0.26,DGS2
2012-01-01,0.24,DGS2
2012-02-01,0.28,DGS2
2012-03-01,0.34,DGS2
2012-04-01,0.29,DGS2
2012-05-01,0.29,DGS2
2012-06-01,0.29,DGS2
2012-07-01,0.25,DGS2
2012-08-01,0.27,DGS2
2012-09-01,0.26,DGS2
2012-10-01,0.28,DGS2
2012-11-01,0.27,DGS2
2012-12-01,0.26,DGS2
2013-01-01,0.27,DGS2
2013-02-01,0.27,DGS2
2013-03-01,0.26,DGS2
2013-04-01,0.23,DGS2
2013-05-01,0.25,DGS2
2013-06-01,0.33,DGS2
2013-07-01,0.34,DGS2
2013-08-01,0.36,DGS2
2013-09-01,0.4,DGS2
2013-10-01,0.34,DGS2
2013-11-01,0.3,DGS2
2013-12-01,0.34,DGS2
2014-01-01,0.39,DGS2
2014-02-01,0.33,DGS2
2014-03-01,0.4,DGS2
2014-04-01,0.42,DGS2
2014-05-01,0.39,DGS2
2014-06-01,0.45,DGS2
2014-07-01,0.51,DGS2
2014-08-01,0.47,DGS2
2014-09-01,0.57,DGS2
2014-10-01,0.45,DGS2
2014-11-01,0.53,DGS2
2014-12-01,0.64,DGS2
2015-01-01,0.55,DGS2
2015-02-01,0.62,DGS2
2015-03-01,0.64,DGS2
2015-04-01,0.54,DGS2
2015-05-01,0.61,DGS2
2015-06-01,0.69,DGS2
2015-07-01,0.67,DGS2
2015-08-01,0.7,DGS2
2015-09-01,0.71,DGS2
2015-10-01,0.64,DGS2
2015-11-01,0.88,DGS2
2015-12-01,0.98,DGS2
2016-01-01,0.9,DGS2
2016-02-01,0.73,DGS2
2016-03-01,0.88,DGS2
2016-04-01,0.77,DGS2
2016-05-01,0.82,DGS2
2016-06-01,0.73,DGS2
2016-07-01,0.67,DGS2
2016-08-01,0.74,DGS2
2016-09-01,0.77,DGS2
2016-10-01,0.84,DGS2
2016-11-01,0.98,DGS2
2016-12-01,1.2,DGS2
2017-01-01,1.21,DGS2
2017-02-01,1.2,DGS2
2017-03-01,1.31,DGS2
2017-04-01,1.24,DGS2
2017-05-01,1.3,DGS2
2017-06-01,1.34,DGS2
2017-07-01,1.37,DGS2
2017-08-01,1.34,DGS2
2017-09-01,1.38,DGS2
2017-10-01,1.55,DGS2
2017-11-01,1.7,DGS2
2017-12-01,1.84,DGS2
2018-01-01,2.03,DGS2
2018-02-01,2.18,DGS2
2018-03-01,2.28,DGS2
2018-04-01,2.38,DGS2
2018-05-01,2.51,DGS2
2018-06-01,2.53,DGS2
2018-07-01,2.61,DGS2
2018-08-01,2.64,DGS2
2018-09-01,2.77,DGS2
2018-10-01,2.86,DGS2
2018-11-01,2.86,DGS2
2018-12-01,2.68,DGS2
2019-01-01,2.54,DGS2
2019-02-01,2.5,DGS2
2019-03-01,2.41,DGS2
2019-04-01,2.34,DGS2
2019-05-01,2.21,DGS2
2019-06-01,1.81,DGS2
2019-07-01,1.84,DGS2
2019-08-01,1.57,DGS2
2019-09-01,1.65,DGS2
2019-10-01,1.55,DGS2
2019-11-01,1.61,DGS2
2019-12-01,1.61,DGS2
2020-01-01,1.52,DGS2
2020-02-01,1.33,DGS2
2020-03-01,0.45,DGS2
2020-04-01,0.22,DGS2
2020-05-01,0.17,DGS2
2020-06-01,0.19,DGS2
2020-07-01,0.15,DGS2
2020-08-01,0.14,DGS2
2020-09-01,0.13,DGS2
2020-10-01,0.15,DGS2
2020-11-01,0.17,DGS2
2020-12-01,0.14,DGS2
2021-01-01,0.13,DGS2
2021-02-01,0.12,DGS2
2021-03-01,0.15,DGS2
2021-04-01,0.16,DGS2
2021-05-01,0.16,DGS2
2021-06-01,0.2,DGS2
2021-07-01,0.22,DGS2
2021-08-01,0.22,DGS2
2021-09-01,0.24,DGS2
2021-10-01,0.39,DGS2
2021-11-01,0.51,DGS2
2021-12-01,0.68,DGS2
2022-01-01,0.98,DGS2
2022-02-01,1.44,DGS2
2022-03-01,1.91,DGS2
2022-04-01,2.54,DGS2
2022-05-01,2.62,DGS2
2022-06-01,3.0,DGS2
2022-07-01,3.04,DGS2
2022-08-01,3.25,DGS2
2022-09-01,3.86,DGS2
2022-10-01,4.38,DGS2
2022-11-01,4.5,DGS2
2022-12-01,4.29,DGS2
2023-01-01,4.21,DGS2
2023-02-01,4.53,DGS2
2023-03-01,4.3,DGS2
2023-04-01,4.02,DGS2
2023-05-01,4.13,DGS2
2023-06-01,4.64,DGS2
2023-07-01,4.83,DGS2
2023-08-01,4.9,DGS2
2023-09-01,5.02,DGS2
2023-10-01,5.07,DGS2
2023-11-01,4.88,DGS2
2023-12-01,4.46,DGS2
2024-01-01,4.32,DGS2
2024-02-01,4.54,DGS2
2024-03-01,4.59,DGS2
2024-04-01,4.87,DGS2
2024-05-01,4.86,DGS2
2024-06-01,4.74,DGS2
2024-07-01,4.5,DGS2
2024-08-01,3.97,DGS2
2024-09-01,3.62,DGS2
2024-10-01,3.97,DGS2
2024-11-01,4.26,DGS2
2024-12-01,4.23,DGS2
2025-01-01,4.27,DGS2
2025-02-01,4.21,DGS2
2025-03-01,3.97,DGS2
2025-04-01,3.78,DGS2
2025-05-01,3.92,DGS2
2025-06-01,3.89,DGS2
2025-07-01,3.88,DGS2
2025-08-01,3.7,DGS2
2025-09-01,3.57,DGS2
2025-10-01,3.52,DGS2
2025-11-01,3.55,DGS2
2025-12-01,3.5,DGS2
2026-01-01,3.54,DGS2
2026-02-01,3.47,DGS2
2026-03-01,3.7,DGS2
2000-01-01,5.45,FEDFUNDS
2000-02-01,5.73,FEDFUNDS
2000-03-01,5.85,FEDFUNDS
2000-04-01,6.02,FEDFUNDS
2000-05-01,6.27,FEDFUNDS
2000-06-01,6.53,FEDFUNDS
2000-07-01,6.54,FEDFUNDS
2000-08-01,6.5,FEDFUNDS
2000-09-01,6.52,FEDFUNDS
2000-10-01,6.51,FEDFUNDS
2000-11-01,6.51,FEDFUNDS
2000-12-01,6.4,FEDFUNDS
2001-01-01,5.98,FEDFUNDS
2001-02-01,5.49,FEDFUNDS
2001-03-01,5.31,FEDFUNDS
2001-04-01,4.8,FEDFUNDS
2001-05-01,4.21,FEDFUNDS
2001-06-01,3.97,FEDFUNDS
2001-07-01,3.77,FEDFUNDS
2001-08-01,3.65,FEDFUNDS
2001-09-01,3.07,FEDFUNDS
2001-10-01,2.49,FEDFUNDS
2001-11-01,2.09,FEDFUNDS
2001-12-01,1.82,FEDFUNDS
2002-01-01,1.73,FEDFUNDS
2002-02-01,1.74,FEDFUNDS
2002-03-01,1.73,FEDFUNDS
2002-04-01,1.75,FEDFUNDS
2002-05-01,1.75,FEDFUNDS
2002-06-01,1.75,FEDFUNDS
2002-07-01,1.73,FEDFUNDS
2002-08-01,1.74,FEDFUNDS
2002-09-01,1.75,FEDFUNDS
2002-10-01,1.75,FEDFUNDS
2002-11-01,1.34,FEDFUNDS
2002-12-01,1.24,FEDFUNDS
2003-01-01,1.24,FEDFUNDS
2003-02-01,1.26,FEDFUNDS
2003-03-01,1.25,FEDFUNDS
2003-04-01,1.26,FEDFUNDS
2003-05-01,1.26,FEDFUNDS
2003-06-01,1.22,FEDFUNDS
2003-07-01,1.01,FEDFUNDS
2003-08-01,1.03,FEDFUNDS
2003-09-01,1.01,FEDFUNDS
2003-10-01,1.01,FEDFUNDS
2003-11-01,1.0,FEDFUNDS
2003-12-01,0.98,FEDFUNDS
2004-01-01,1.0,FEDFUNDS
2004-02-01,1.01,FEDFUNDS
2004-03-01,1.0,FEDFUNDS
2004-04-01,1.0,FEDFUNDS
2004-05-01,1.0,FEDFUNDS
2004-06-01,1.03,FEDFUNDS
2004-07-01,1.26,FEDFUNDS
2004-08-01,1.43,FEDFUNDS
2004-09-01,1.61,FEDFUNDS
2004-10-01,1.76,FEDFUNDS
2004-11-01,1.93,FEDFUNDS
2004-12-01,2.16,FEDFUNDS
2005-01-01,2.28,FEDFUNDS
2005-02-01,2.5,FEDFUNDS
2005-03-01,2.63,FEDFUNDS
2005-04-01,2.79,FEDFUNDS
2005-05-01,3.0,FEDFUNDS
2005-06-01,3.04,FEDFUNDS
2005-07-01,3.26,FEDFUNDS
2005-08-01,3.5,FEDFUNDS
2005-09-01,3.62,FEDFUNDS
2005-10-01,3.78,FEDFUNDS
2005-11-01,4.0,FEDFUNDS
2005-12-01,4.16,FEDFUNDS
2006-01-01,4.29,FEDFUNDS
2006-02-01,4.49,FEDFUNDS
2006-03-01,4.59,FEDFUNDS
2006-04-01,4.79,FEDFUNDS
2006-05-01,4.94,FEDFUNDS
2006-06-01,4.99,FEDFUNDS
2006-07-01,5.24,FEDFUNDS
2006-08-01,5.25,FEDFUNDS
2006-09-01,5.25,FEDFUNDS
2006-10-01,5.25,FEDFUNDS
2006-11-01,5.25,FEDFUNDS
2006-12-01,5.24,FEDFUNDS
2007-01-01,5.25,FEDFUNDS
2007-02-01,5.26,FEDFUNDS
2007-03-01,5.26,FEDFUNDS
2007-04-01,5.25,FEDFUNDS
2007-05-01,5.25,FEDFUNDS
2007-06-01,5.25,FEDFUNDS
2007-07-01,5.26,FEDFUNDS
2007-08-01,5.02,FEDFUNDS
2007-09-01,4.94,FEDFUNDS
2007-10-01,4.76,FEDFUNDS
2007-11-01,4.49,FEDFUNDS
2007-12-01,4.24,FEDFUNDS
2008-01-01,3.94,FEDFUNDS
2008-02-01,2.98,FEDFUNDS
2008-03-01,2.61,FEDFUNDS
2008-04-01,2.28,FEDFUNDS
2008-05-01,1.98,FEDFUNDS
2008-06-01,2.0,FEDFUNDS
2008-07-01,2.01,FEDFUNDS
2008-08-01,2.0,FEDFUNDS
2008-09-01,1.81,FEDFUNDS
2008-10-01,0.97,FEDFUNDS
2008-11-01,0.39,FEDFUNDS
2008-12-01,0.16,FEDFUNDS
2009-01-01,0.15,FEDFUNDS
2009-02-01,0.22,FEDFUNDS
2009-03-01,0.18,FEDFUNDS
2009-04-01,0.15,FEDFUNDS
2009-05-01,0.18,FEDFUNDS
2009-06-01,0.21,FEDFUNDS
2009-07-01,0.16,FEDFUNDS
2009-08-01,0.16,FEDFUNDS
2009-09-01,0.15,FEDFUNDS
2009-10-01,0.12,FEDFUNDS
2009-11-01,0.12,FEDFUNDS
2009-12-01,0.12,FEDFUNDS
2010-01-01,0.11,FEDFUNDS
2010-02-01,0.13,FEDFUNDS
2010-03-01,0.16,FEDFUNDS
2010-04-01,0.2,FEDFUNDS
2010-05-01,0.2,FEDFUNDS
2010-06-01,0.18,FEDFUNDS
2010-07-01,0.18,FEDFUNDS
2010-08-01,0.19,FEDFUNDS
2010-09-01,0.19,FEDFUNDS
2010-10-01,0.19,FEDFUNDS
2010-11-01,0.19,FEDFUNDS
2010-12-01,0.18,FEDFUNDS
2011-01-01,0.17,FEDFUNDS
2011-02-01,0.16,FEDFUNDS
2011-03-01,0.14,FEDFUNDS
2011-04-01,0.1,FEDFUNDS
2011-05-01,0.09,FEDFUNDS
2011-06-01,0.09,FEDFUNDS
2011-07-01,0.07,FEDFUNDS
2011-08-01,0.1,FEDFUNDS
2011-09-01,0.08,FEDFUNDS
2011-10-01,0.07,FEDFUNDS
2011-11-01,0.08,FEDFUNDS
2011-12-01,0.07,FEDFUNDS
2012-01-01,0.08,FEDFUNDS
2012-02-01,0.1,FEDFUNDS
2012-03-01,0.13,FEDFUNDS
2012-04-01,0.14,FEDFUNDS
2012-05-01,0.16,FEDFUNDS
2012-06-01,0.16,FEDFUNDS
2012-07-01,0.16,FEDFUNDS
2012-08-01,0.13,FEDFUNDS
2012-09-01,0.14,FEDFUNDS
2012-10-01,0.16,FEDFUNDS
2012-11-01,0.16,FEDFUNDS
2012-12-01,0.16,FEDFUNDS
2013-01-01,0.14,FEDFUNDS
2013-02-01,0.15,FEDFUNDS
2013-03-01,0.14,FEDFUNDS
2013-04-01,0.15,FEDFUNDS
2013-05-01,0.11,FEDFUNDS
2013-06-01,0.09,FEDFUNDS
2013-07-01,0.09,FEDFUNDS
2013-08-01,0.08,FEDFUNDS
2013-09-01,0.08,FEDFUNDS
2013-10-01,0.09,FEDFUNDS
2013-11-01,0.08,FEDFUNDS
2013-12-01,0.09,FEDFUNDS
2014-01-01,0.07,FEDFUNDS
2014-02-01,0.07,FEDFUNDS
2014-03-01,0.08,FEDFUNDS
2014-04-01,0.09,FEDFUNDS
2014-05-01,0.09,FEDFUNDS
2014-06-01,0.1,FEDFUNDS
2014-07-01,0.09,FEDFUNDS
2014-08-01,0.09,FEDFUNDS
2014-09-01,0.09,FEDFUNDS
2014-10-01,0.09,FEDFUNDS
2014-11-01,0.09,FEDFUNDS
2014-12-01,0.12,FEDFUNDS
2015-01-01,0.11,FEDFUNDS
2015-02-01,0.11,FEDFUNDS
2015-03-01,0.11,FEDFUNDS
2015-04-01,0.12,FEDFUNDS
2015-05-01,0.12,FEDFUNDS
2015-06-01,0.13,FEDFUNDS
2015-07-01,0.13,FEDFUNDS
2015-08-01,0.14,FEDFUNDS
2015-09-01,0.14,FEDFUNDS
2015-10-01,0.12,FEDFUNDS
2015-11-01,0.12,FEDFUNDS
2015-12-01,0.24,FEDFUNDS
2016-01-01,0.34,FEDFUNDS
2016-02-01,0.38,FEDFUNDS
2016-03-01,0.36,FEDFUNDS
2016-04-01,0.37,FEDFUNDS
2016-05-01,0.37,FEDFUNDS
2016-06-01,0.38,FEDFUNDS
2016-07-01,0.39,FEDFUNDS
2016-08-01,0.4,FEDFUNDS
2016-09-01,0.4,FEDFUNDS
2016-10-01,0.4,FEDFUNDS
2016-11-01,0.41,FEDFUNDS
2016-12-01,0.54,FEDFUNDS
2017-01-01,0.65,FEDFUNDS
2017-02-01,0.66,FEDFUNDS
2017-03-01,0.79,FEDFUNDS
2017-04-01,0.9,FEDFUNDS
2017-05-01,0.91,FEDFUNDS
2017-06-01,1.04,FEDFUNDS
2017-07-01,1.15,FEDFUNDS
2017-08-01,1.16,FEDFUNDS
2017-09-01,1.15,FEDFUNDS
2017-10-01,1.15,FEDFUNDS
2017-11-01,1.16,FEDFUNDS
2017-12-01,1.3,FEDFUNDS
2018-01-01,1.41,FEDFUNDS
2018-02-01,1.42,FEDFUNDS
2018-03-01,1.51,FEDFUNDS
2018-04-01,1.69,FEDFUNDS
2018-05-01,1.7,FEDFUNDS
2018-06-01,1.82,FEDFUNDS
2018-07-01,1.91,FEDFUNDS
2018-08-01,1.91,FEDFUNDS
2018-09-01,1.95,FEDFUNDS
2018-10-01,2.19,FEDFUNDS
2018-11-01,2.2,FEDFUNDS
2018-12-01,2.27,FEDFUNDS
2019-01-01,2.4,FEDFUNDS
2019-02-01,2.4,FEDFUNDS
2019-03-01,2.41,FEDFUNDS
2019-04-01,2.42,FEDFUNDS
2019-05-01,2.39,FEDFUNDS
2019-06-01,2.38,FEDFUNDS
2019-07-01,2.4,FEDFUNDS
2019-08-01,2.13,FEDFUNDS
2019-09-01,2.04,FEDFUNDS
2019-10-01,1.83,FEDFUNDS
2019-11-01,1.55,FEDFUNDS
2019-12-01,1.55,FEDFUNDS
2020-01-01,1.55,FEDFUNDS
2020-02-01,1.58,FEDFUNDS
2020-03-01,0.65,FEDFUNDS
2020-04-01,0.05,FEDFUNDS
2020-05-01,0.05,FEDFUNDS
2020-06-01,0.08,FEDFUNDS
2020-07-01,0.09,FEDFUNDS
2020-08-01,0.1,FEDFUNDS
2020-09-01,0.09,FEDFUNDS
2020-10-01,0.09,FEDFUNDS
2020-11-01,0.09,FEDFUNDS
2020-12-01,0.09,FEDFUNDS
2021-01-01,0.09,FEDFUNDS
2021-02-01,0.08,FEDFUNDS
2021-03-01,0.07,FEDFUNDS
2021-04-01,0.07,FEDFUNDS
2021-05-01,0.06,FEDFUNDS
2021-06-01,0.08,FEDFUNDS
2021-07-01,0.1,FEDFUNDS
2021-08-01,0.09,FEDFUNDS
2021-09-01,0.08,FEDFUNDS
2021-10-01,0.08,FEDFUNDS
2021-11-01,0.08,FEDFUNDS
2021-12-01,0.08,FEDFUNDS
2022-01-01,0.08,FEDFUNDS
2022-02-01,0.08,FEDFUNDS
2022-03-01,0.2,FEDFUNDS
2022-04-01,0.33,FEDFUNDS
2022-05-01,0.77,FEDFUNDS
2022-06-01,1.21,FEDFUNDS
2022-07-01,1.68,FEDFUNDS
2022-08-01,2.33,FEDFUNDS
2022-09-01,2.56,FEDFUNDS
2022-10-01,3.08,FEDFUNDS
2022-11-01,3.78,FEDFUNDS
2022-12-01,4.1,FEDFUNDS
2023-01-01,4.33,FEDFUNDS
2023-02-01,4.57,FEDFUNDS
2023-03-01,4.65,FEDFUNDS
2023-04-01,4.83,FEDFUNDS
2023-05-01,5.06,FEDFUNDS
2023-06-01,5.08,FEDFUNDS
2023-07-01,5.12,FEDFUNDS
2023-08-01,5.33,FEDFUNDS
2023-09-01,5.33,FEDFUNDS
2023-10-01,5.33,FEDFUNDS
2023-11-01,5.33,FEDFUNDS
2023-12-01,5.33,FEDFUNDS
2024-01-01,5.33,FEDFUNDS
2024-02-01,5.33,FEDFUNDS
2024-03-01,5.33,FEDFUNDS
2024-04-01,5.33,FEDFUNDS
2024-05-01,5.33,FEDFUNDS
2024-06-01,5.33,FEDFUNDS
2024-07-01,5.33,FEDFUNDS
2024-08-01,5.33,FEDFUNDS
2024-09-01,5.13,FEDFUNDS
2024-10-01,4.83,FEDFUNDS
2024-11-01,4.64,FEDFUNDS
2024-12-01,4.48,FEDFUNDS
2025-01-01,4.33,FEDFUNDS
2025-02-01,4.33,FEDFUNDS
2025-03-01,4.33,FEDFUNDS
2025-04-01,4.33,FEDFUNDS
2025-05-01,4.33,FEDFUNDS
2025-06-01,4.33,FEDFUNDS
2025-07-01,4.33,FEDFUNDS
2025-08-01,4.33,FEDFUNDS
2025-09-01,4.22,FEDFUNDS
2025-10-01,4.09,FEDFUNDS
2025-11-01,3.88,FEDFUNDS
2025-12-01,3.72,FEDFUNDS
2026-01-01,3.64,FEDFUNDS
2026-02-01,3.64,FEDFUNDS
2000-01-01,169.3,CPIAUCSL
2000-02-01,170.0,CPIAUCSL
2000-03-01,171.0,CPIAUCSL
2000-04-01,170.9,CPIAUCSL
2000-05-01,171.2,CPIAUCSL
2000-06-01,172.2,CPIAUCSL
2000-07-01,172.7,CPIAUCSL
2000-08-01,172.7,CPIAUCSL
2000-09-01,173.6,CPIAUCSL
2000-10-01,173.9,CPIAUCSL
2000-11-01,174.2,CPIAUCSL
2000-12-01,174.6,CPIAUCSL
2001-01-01,175.6,CPIAUCSL
2001-02-01,176.0,CPIAUCSL
2001-03-01,176.1,CPIAUCSL
2001-04-01,176.4,CPIAUCSL
2001-05-01,177.3,CPIAUCSL
2001-06-01,177.7,CPIAUCSL
2001-07-01,177.4,CPIAUCSL
2001-08-01,177.4,CPIAUCSL
2001-09-01,178.1,CPIAUCSL
2001-10-01,177.6,CPIAUCSL
2001-11-01,177.5,CPIAUCSL
2001-12-01,177.4,CPIAUCSL
2002-01-01,177.7,CPIAUCSL
2002-02-01,178.0,CPIAUCSL
2002-03-01,178.5,CPIAUCSL
2002-04-01,179.3,CPIAUCSL
2002-05-01,179.5,CPIAUCSL
2002-06-01,179.6,CPIAUCSL
2002-07-01,180.0,CPIAUCSL
2002-08-01,180.5,CPIAUCSL
2002-09-01,180.8,CPIAUCSL
2002-10-01,181.2,CPIAUCSL
2002-11-01,181.5,CPIAUCSL
2002-12-01,181.8,CPIAUCSL
2003-01-01,182.6,CPIAUCSL
2003-02-01,183.6,CPIAUCSL
2003-03-01,183.9,CPIAUCSL
2003-04-01,183.2,CPIAUCSL
2003-05-01,182.9,CPIAUCSL
2003-06-01,183.1,CPIAUCSL
2003-07-01,183.7,CPIAUCSL
2003-08-01,184.5,CPIAUCSL
2003-09-01,185.1,CPIAUCSL
2003-10-01,184.9,CPIAUCSL
2003-11-01,185.0,CPIAUCSL
2003-12-01,185.5,CPIAUCSL
2004-01-01,186.3,CPIAUCSL
2004-02-01,186.7,CPIAUCSL
2004-03-01,187.1,CPIAUCSL
2004-04-01,187.4,CPIAUCSL
2004-05-01,188.2,CPIAUCSL
2004-06-01,188.9,CPIAUCSL
2004-07-01,189.1,CPIAUCSL
2004-08-01,189.2,CPIAUCSL
2004-09-01,189.8,CPIAUCSL
2004-10-01,190.8,CPIAUCSL
2004-11-01,191.7,CPIAUCSL
2004-12-01,191.7,CPIAUCSL
2005-01-01,191.6,CPIAUCSL
2005-02-01,192.4,CPIAUCSL
2005-03-01,193.1,CPIAUCSL
2005-04-01,193.7,CPIAUCSL
2005-05-01,193.6,CPIAUCSL
2005-06-01,193.7,CPIAUCSL
2005-07-01,194.9,CPIAUCSL
2005-08-01,196.1,CPIAUCSL
2005-09-01,198.8,CPIAUCSL
2005-10-01,199.1,CPIAUCSL
2005-11-01,198.1,CPIAUCSL
2005-12-01,198.1,CPIAUCSL
2006-01-01,199.3,CPIAUCSL
2006-02-01,199.4,CPIAUCSL
2006-03-01,199.7,CPIAUCSL
2006-04-01,200.7,CPIAUCSL
2006-05-01,201.3,CPIAUCSL
2006-06-01,201.8,CPIAUCSL
2006-07-01,202.9,CPIAUCSL
2006-08-01,203.8,CPIAUCSL
2006-09-01,202.8,CPIAUCSL
2006-10-01,201.9,CPIAUCSL
2006-11-01,202.0,CPIAUCSL
2006-12-01,203.1,CPIAUCSL
2007-01-01,203.437,CPIAUCSL
2007-02-01,204.226,CPIAUCSL
2007-03-01,205.288,CPIAUCSL
2007-04-01,205.904,CPIAUCSL
2007-05-01,206.755,CPIAUCSL
2007-06-01,207.234,CPIAUCSL
2007-07-01,207.603,CPIAUCSL
2007-08-01,207.667,CPIAUCSL
2007-09-01,208.547,CPIAUCSL
2007-10-01,209.19,CPIAUCSL
2007-11-01,210.834,CPIAUCSL
2007-12-01,211.445,CPIAUCSL
2008-01-01,212.174,CPIAUCSL
2008-02-01,212.687,CPIAUCSL
2008-03-01,213.448,CPIAUCSL
2008-04-01,213.942,CPIAUCSL
2008-05-01,215.208,CPIAUCSL
2008-06-01,217.463,CPIAUCSL
2008-07-01,219.016,CPIAUCSL
2008-08-01,218.69,CPIAUCSL
2008-09-01,218.877,CPIAUCSL
2008-10-01,216.995,CPIAUCSL
2008-11-01,213.153,CPIAUCSL
2008-12-01,211.398,CPIAUCSL
2009-01-01,211.933,CPIAUCSL
2009-02-01,212.705,CPIAUCSL
2009-03-01,212.495,CPIAUCSL
2009-04-01,212.709,CPIAUCSL
2009-05-01,213.022,CPIAUCSL
2009-06-01,214.79,CPIAUCSL
2009-07-01,214.726,CPIAUCSL
2009-08-01,215.445,CPIAUCSL
2009-09-01,215.861,CPIAUCSL
2009-10-01,216.509,CPIAUCSL
2009-11-01,217.234,CPIAUCSL
2009-12-01,217.347,CPIAUCSL
2010-01-01,217.488,CPIAUCSL
2010-02-01,217.281,CPIAUCSL
2010-03-01,217.353,CPIAUCSL
2010-04-01,217.403,CPIAUCSL
2010-05-01,217.29,CPIAUCSL
2010-06-01,217.199,CPIAUCSL
2010-07-01,217.605,CPIAUCSL
2010-08-01,217.923,CPIAUCSL
2010-09-01,218.275,CPIAUCSL
2010-10-01,219.035,CPIAUCSL
2010-11-01,219.59,CPIAUCSL
2010-12-01,220.472,CPIAUCSL
2011-01-01,221.187,CPIAUCSL
2011-02-01,221.898,CPIAUCSL
2011-03-01,223.046,CPIAUCSL
2011-04-01,224.093,CPIAUCSL
2011-05-01,224.806,CPIAUCSL
2011-06-01,224.806,CPIAUCSL
2011-07-01,225.395,CPIAUCSL
2011-08-01,226.106,CPIAUCSL
2011-09-01,226.597,CPIAUCSL
2011-10-01,226.75,CPIAUCSL
2011-11-01,227.169,CPIAUCSL
2011-12-01,227.223,CPIAUCSL
2012-01-01,227.842,CPIAUCSL
2012-02-01,228.329,CPIAUCSL
2012-03-01,228.807,CPIAUCSL
2012-04-01,229.187,CPIAUCSL
2012-05-01,228.713,CPIAUCSL
2012-06-01,228.524,CPIAUCSL
2012-07-01,228.59,CPIAUCSL
2012-08-01,229.918,CPIAUCSL
2012-09-01,231.015,CPIAUCSL
2012-10-01,231.638,CPIAUCSL
2012-11-01,231.249,CPIAUCSL
2012-12-01,231.221,CPIAUCSL
2013-01-01,231.679,CPIAUCSL
2013-02-01,232.937,CPIAUCSL
2013-03-01,232.282,CPIAUCSL
2013-04-01,231.797,CPIAUCSL
2013-05-01,231.893,CPIAUCSL
2013-06-01,232.445,CPIAUCSL
2013-07-01,232.9,CPIAUCSL
2013-08-01,233.456,CPIAUCSL
2013-09-01,233.544,CPIAUCSL
2013-10-01,233.669,CPIAUCSL
2013-11-01,234.1,CPIAUCSL
2013-12-01,234.719,CPIAUCSL
2014-01-01,235.288,CPIAUCSL
2014-02-01,235.547,CPIAUCSL
2014-03-01,236.028,CPIAUCSL
2014-04-01,236.468,CPIAUCSL
2014-05-01,236.918,CPIAUCSL
2014-06-01,237.231,CPIAUCSL
2014-07-01,237.498,CPIAUCSL
2014-08-01,237.46,CPIAUCSL
2014-09-01,237.477,CPIAUCSL
2014-10-01,237.43,CPIAUCSL
2014-11-01,236.983,CPIAUCSL
2014-12-01,236.252,CPIAUCSL
2015-01-01,234.747,CPIAUCSL
2015-02-01,235.342,CPIAUCSL
2015-03-01,235.976,CPIAUCSL
2015-04-01,236.222,CPIAUCSL
2015-05-01,237.001,CPIAUCSL
2015-06-01,237.657,CPIAUCSL
2015-07-01,238.034,CPIAUCSL
2015-08-01,238.033,CPIAUCSL
2015-09-01,237.498,CPIAUCSL
2015-10-01,237.733,CPIAUCSL
2015-11-01,238.017,CPIAUCSL
2015-12-01,237.761,CPIAUCSL
2016-01-01,237.652,CPIAUCSL
2016-02-01,237.336,CPIAUCSL
2016-03-01,238.08,CPIAUCSL
2016-04-01,238.992,CPIAUCSL
2016-05-01,239.557,CPIAUCSL
2016-06-01,240.222,CPIAUCSL
2016-07-01,240.101,CPIAUCSL
2016-08-01,240.545,CPIAUCSL
2016-09-01,241.176,CPIAUCSL
2016-10-01,241.741,CPIAUCSL
2016-11-01,242.026,CPIAUCSL
2016-12-01,242.637,CPIAUCSL
2017-01-01,243.618,CPIAUCSL
2017-02-01,244.006,CPIAUCSL
2017-03-01,243.892,CPIAUCSL
2017-04-01,244.193,CPIAUCSL
2017-05-01,244.004,CPIAUCSL
2017-06-01,244.163,CPIAUCSL
2017-07-01,244.243,CPIAUCSL
2017-08-01,245.183,CPIAUCSL
2017-09-01,246.435,CPIAUCSL
2017-10-01,246.626,CPIAUCSL
2017-11-01,247.284,CPIAUCSL
2017-12-01,247.805,CPIAUCSL
2018-01-01,248.859,CPIAUCSL
2018-02-01,249.529,CPIAUCSL
2018-03-01,249.577,CPIAUCSL
2018-04-01,250.227,CPIAUCSL
2018-05-01,250.792,CPIAUCSL
2018-06-01,251.018,CPIAUCSL
2018-07-01,251.214,CPIAUCSL
2018-08-01,251.663,CPIAUCSL
2018-09-01,252.182,CPIAUCSL
2018-10-01,252.772,CPIAUCSL
2018-11-01,252.594,CPIAUCSL
2018-12-01,252.767,CPIAUCSL
2019-01-01,252.561,CPIAUCSL
2019-02-01,253.319,CPIAUCSL
2019-03-01,254.277,CPIAUCSL
2019-04-01,255.233,CPIAUCSL
2019-05-01,255.296,CPIAUCSL
2019-06-01,255.213,CPIAUCSL
2019-07-01,255.802,CPIAUCSL
2019-08-01,256.036,CPIAUCSL
2019-09-01,256.43,CPIAUCSL
2019-10-01,257.155,CPIAUCSL
2019-11-01,257.879,CPIAUCSL
2019-12-01,258.63,CPIAUCSL
2020-01-01,259.127,CPIAUCSL
2020-02-01,259.25,CPIAUCSL
2020-03-01,258.076,CPIAUCSL
2020-04-01,256.032,CPIAUCSL
2020-05-01,255.802,CPIAUCSL
2020-06-01,257.042,CPIAUCSL
2020-07-01,258.352,CPIAUCSL
2020-08-01,259.316,CPIAUCSL
2020-09-01,259.997,CPIAUCSL
2020-10-01,260.319,CPIAUCSL
2020-11-01,260.911,CPIAUCSL
2020-12-01,262.045,CPIAUCSL
2021-01-01,262.687,CPIAUCSL
2021-02-01,263.579,CPIAUCSL
2021-03-01,264.961,CPIAUCSL
2021-04-01,266.614,CPIAUCSL
2021-05-01,268.383,CPIAUCSL
2021-06-01,270.654,CPIAUCSL
2021-07-01,271.903,CPIAUCSL
2021-08-01,272.676,CPIAUCSL
2021-09-01,273.91,CPIAUCSL
2021-10-01,276.55,CPIAUCSL
2021-11-01,278.919,CPIAUCSL
2021-12-01,280.845,CPIAUCSL
2022-01-01,282.543,CPIAUCSL
2022-02-01,284.5,CPIAUCSL
2022-03-01,287.674,CPIAUCSL
2022-04-01,288.561,CPIAUCSL
2022-05-01,291.298,CPIAUCSL
2022-06-01,294.957,CPIAUCSL
2022-07-01,294.913,CPIAUCSL
2022-08-01,295.097,CPIAUCSL
2022-09-01,296.349,CPIAUCSL
2022-10-01,298.007,CPIAUCSL
2022-11-01,298.786,CPIAUCSL
2022-12-01,298.832,CPIAUCSL
2023-01-01,300.42,CPIAUCSL
2023-02-01,301.45,CPIAUCSL
2023-03-01,301.821,CPIAUCSL
2023-04-01,302.845,CPIAUCSL
2023-05-01,303.334,CPIAUCSL
2023-06-01,304.014,CPIAUCSL
2023-07-01,304.609,CPIAUCSL
2023-08-01,306.082,CPIAUCSL
2023-09-01,307.276,CPIAUCSL
2023-10-01,307.696,CPIAUCSL
2023-11-01,308.148,CPIAUCSL
2023-12-01,308.741,CPIAUCSL
2024-01-01,309.698,CPIAUCSL
2024-02-01,310.967,CPIAUCSL
2024-03-01,312.345,CPIAUCSL
2024-04-01,313.023,CPIAUCSL
2024-05-01,313.175,CPIAUCSL
2024-06-01,313.044,CPIAUCSL
2024-07-01,313.569,CPIAUCSL
2024-08-01,314.062,CPIAUCSL
2024-09-01,314.732,CPIAUCSL
2024-10-01,315.631,CPIAUCSL
2024-11-01,316.528,CPIAUCSL
2024-12-01,317.604,CPIAUCSL
2025-01-01,318.961,CPIAUCSL
2025-02-01,319.679,CPIAUCSL
2025-03-01,319.785,CPIAUCSL
2025-04-01,320.302,CPIAUCSL
2025-05-01,320.62,CPIAUCSL
2025-06-01,321.435,CPIAUCSL
2025-07-01,322.169,CPIAUCSL
2025-08-01,323.291,CPIAUCSL
2025-09-01,324.245,CPIAUCSL
2025-10-01,,CPIAUCSL
2025-11-01,325.063,CPIAUCSL
2025-12-01,326.031,CPIAUCSL
2026-01-01,326.588,CPIAUCSL
2026-02-01,327.46,CPIAUCSL
2000-01-01,4.0,UNRATE
2000-02-01,4.1,UNRATE
2000-03-01,4.0,UNRATE
2000-04-01,3.8,UNRATE
2000-05-01,4.0,UNRATE
2000-06-01,4.0,UNRATE
2000-07-01,4.0,UNRATE
2000-08-01,4.1,UNRATE
2000-09-01,3.9,UNRATE
2000-10-01,3.9,UNRATE
2000-11-01,3.9,UNRATE
2000-12-01,3.9,UNRATE
2001-01-01,4.2,UNRATE
2001-02-01,4.2,UNRATE
2001-03-01,4.3,UNRATE
2001-04-01,4.4,UNRATE
2001-05-01,4.3,UNRATE
2001-06-01,4.5,UNRATE
2001-07-01,4.6,UNRATE
2001-08-01,4.9,UNRATE
2001-09-01,5.0,UNRATE
2001-10-01,5.3,UNRATE
2001-11-01,5.5,UNRATE
2001-12-01,5.7,UNRATE
2002-01-01,5.7,UNRATE
2002-02-01,5.7,UNRATE
2002-03-01,5.7,UNRATE
2002-04-01,5.9,UNRATE
2002-05-01,5.8,UNRATE
2002-06-01,5.8,UNRATE
2002-07-01,5.8,UNRATE
2002-08-01,5.7,UNRATE
2002-09-01,5.7,UNRATE
2002-10-01,5.7,UNRATE
2002-11-01,5.9,UNRATE
2002-12-01,6.0,UNRATE
2003-01-01,5.8,UNRATE
2003-02-01,5.9,UNRATE
2003-03-01,5.9,UNRATE
2003-04-01,6.0,UNRATE
2003-05-01,6.1,UNRATE
2003-06-01,6.3,UNRATE
2003-07-01,6.2,UNRATE
2003-08-01,6.1,UNRATE
2003-09-01,6.1,UNRATE
2003-10-01,6.0,UNRATE
2003-11-01,5.8,UNRATE
2003-12-01,5.7,UNRATE
2004-01-01,5.7,UNRATE
2004-02-01,5.6,UNRATE
2004-03-01,5.8,UNRATE
2004-04-01,5.6,UNRATE
2004-05-01,5.6,UNRATE
2004-06-01,5.6,UNRATE
2004-07-01,5.5,UNRATE
2004-08-01,5.4,UNRATE
2004-09-01,5.4,UNRATE
2004-10-01,5.5,UNRATE
2004-11-01,5.4,UNRATE
2004-12-01,5.4,UNRATE
2005-01-01,5.3,UNRATE
2005-02-01,5.4,UNRATE
2005-03-01,5.2,UNRATE
2005-04-01,5.2,UNRATE
2005-05-01,5.1,UNRATE
2005-06-01,5.0,UNRATE
2005-07-01,5.0,UNRATE
2005-08-01,4.9,UNRATE
2005-09-01,5.0,UNRATE
2005-10-01,5.0,UNRATE
2005-11-01,5.0,UNRATE
2005-12-01,4.9,UNRATE
2006-01-01,4.7,UNRATE
2006-02-01,4.8,UNRATE
2006-03-01,4.7,UNRATE
2006-04-01,4.7,UNRATE
2006-05-01,4.6,UNRATE
2006-06-01,4.6,UNRATE
2006-07-01,4.7,UNRATE
2006-08-01,4.7,UNRATE
2006-09-01,4.5,UNRATE
2006-10-01,4.4,UNRATE
2006-11-01,4.5,UNRATE
2006-12-01,4.4,UNRATE
2007-01-01,4.6,UNRATE
2007-02-01,4.5,UNRATE
2007-03-01,4.4,UNRATE
2007-04-01,4.5,UNRATE
2007-05-01,4.4,UNRATE
2007-06-01,4.6,UNRATE
2007-07-01,4.7,UNRATE
2007-08-01,4.6,UNRATE
2007-09-01,4.7,UNRATE
2007-10-01,4.7,UNRATE
2007-11-01,4.7,UNRATE
2007-12-01,5.0,UNRATE
2008-01-01,5.0,UNRATE
2008-02-01,4.9,UNRATE
2008-03-01,5.1,UNRATE
2008-04-01,5.0,UNRATE
2008-05-01,5.4,UNRATE
2008-06-01,5.6,UNRATE
2008-07-01,5.8,UNRATE
2008-08-01,6.1,UNRATE
2008-09-01,6.1,UNRATE
2008-10-01,6.5,UNRATE
2008-11-01,6.8,UNRATE
2008-12-01,7.3,UNRATE
2009-01-01,7.8,UNRATE
2009-02-01,8.3,UNRATE
2009-03-01,8.7,UNRATE
2009-04-01,9.0,UNRATE
2009-05-01,9.4,UNRATE
2009-06-01,9.5,UNRATE
2009-07-01,9.5,UNRATE
2009-08-01,9.6,UNRATE
2009-09-01,9.8,UNRATE
2009-10-01,10.0,UNRATE
2009-11-01,9.9,UNRATE
2009-12-01,9.9,UNRATE
2010-01-01,9.8,UNRATE
2010-02-01,9.8,UNRATE
2010-03-01,9.9,UNRATE
2010-04-01,9.9,UNRATE
2010-05-01,9.6,UNRATE
2010-06-01,9.4,UNRATE
2010-07-01,9.4,UNRATE
2010-08-01,9.5,UNRATE
2010-09-01,9.5,UNRATE
2010-10-01,9.4,UNRATE
2010-11-01,9.8,UNRATE
2010-12-01,9.3,UNRATE
2011-01-01,9.1,UNRATE
2011-02-01,9.0,UNRATE
2011-03-01,9.0,UNRATE
2011-04-01,9.1,UNRATE
2011-05-01,9.0,UNRATE
2011-06-01,9.1,UNRATE
2011-07-01,9.0,UNRATE
2011-08-01,9.0,UNRATE
2011-09-01,9.0,UNRATE
2011-10-01,8.8,UNRATE
2011-11-01,8.6,UNRATE
2011-12-01,8.5,UNRATE
2012-01-01,8.3,UNRATE
2012-02-01,8.3,UNRATE
2012-03-01,8.2,UNRATE
2012-04-01,8.2,UNRATE
2012-05-01,8.2,UNRATE
2012-06-01,8.2,UNRATE
2012-07-01,8.2,UNRATE
2012-08-01,8.1,UNRATE
2012-09-01,7.8,UNRATE
2012-10-01,7.8,UNRATE
2012-11-01,7.7,UNRATE
2012-12-01,7.9,UNRATE
2013-01-01,8.0,UNRATE
2013-02-01,7.7,UNRATE
2013-03-01,7.5,UNRATE
2013-04-01,7.6,UNRATE
2013-05-01,7.5,UNRATE
2013-06-01,7.5,UNRATE
2013-07-01,7.3,UNRATE
2013-08-01,7.2,UNRATE
2013-09-01,7.2,UNRATE
2013-10-01,7.2,UNRATE
2013-11-01,6.9,UNRATE
2013-12-01,6.7,UNRATE
2014-01-01,6.6,UNRATE
2014-02-01,6.7,UNRATE
2014-03-01,6.7,UNRATE
2014-04-01,6.2,UNRATE
2014-05-01,6.3,UNRATE
2014-06-01,6.1,UNRATE
2014-07-01,6.2,UNRATE
2014-08-01,6.1,UNRATE
2014-09-01,5.9,UNRATE
2014-10-01,5.7,UNRATE
2014-11-01,5.8,UNRATE
2014-12-01,5.6,UNRATE
2015-01-01,5.7,UNRATE
2015-02-01,5.5,UNRATE
2015-03-01,5.4,UNRATE
2015-04-01,5.4,UNRATE
2015-05-01,5.6,UNRATE
2015-06-01,5.3,UNRATE
2015-07-01,5.2,UNRATE
2015-08-01,5.1,UNRATE
2015-09-01,5.0,UNRATE
2015-10-01,5.0,UNRATE
2015-11-01,5.1,UNRATE
2015-12-01,5.0,UNRATE
2016-01-01,4.8,UNRATE
2016-02-01,4.9,UNRATE
2016-03-01,5.0,UNRATE
2016-04-01,5.1,UNRATE
2016-05-01,4.8,UNRATE
2016-06-01,4.9,UNRATE
2016-07-01,4.8,UNRATE
2016-08-01,4.9,UNRATE
2016-09-01,5.0,UNRATE
2016-10-01,4.9,UNRATE
2016-11-01,4.7,UNRATE
2016-12-01,4.7,UNRATE
2017-01-01,4.7,UNRATE
2017-02-01,4.6,UNRATE
2017-03-01,4.4,UNRATE
2017-04-01,4.4,UNRATE
2017-05-01,4.4,UNRATE
2017-06-01,4.3,UNRATE
2017-07-01,4.3,UNRATE
2017-08-01,4.4,UNRATE
2017-09-01,4.3,UNRATE
2017-10-01,4.2,UNRATE
2017-11-01,4.2,UNRATE
2017-12-01,4.1,UNRATE
2018-01-01,4.0,UNRATE
2018-02-01,4.1,UNRATE
2018-03-01,4.0,UNRATE
2018-04-01,4.0,UNRATE
2018-05-01,3.8,UNRATE
2018-06-01,4.0,UNRATE
2018-07-01,3.8,UNRATE
2018-08-01,3.8,UNRATE
2018-09-01,3.7,UNRATE
2018-10-01,3.8,UNRATE
2018-11-01,3.8,UNRATE
2018-12-01,3.9,UNRATE
2019-01-01,4.0,UNRATE
2019-02-01,3.8,UNRATE
2019-03-01,3.8,UNRATE
2019-04-01,3.7,UNRATE
2019-05-01,3.6,UNRATE
2019-06-01,3.6,UNRATE
2019-07-01,3.7,UNRATE
2019-08-01,3.6,UNRATE
2019-09-01,3.5,UNRATE
2019-10-01,3.6,UNRATE
2019-11-01,3.6,UNRATE
2019-12-01,3.6,UNRATE
2020-01-01,3.6,UNRATE
2020-02-01,3.5,UNRATE
2020-03-01,4.4,UNRATE
2020-04-01,14.8,UNRATE
2020-05-01,13.2,UNRATE
2020-06-01,11.0,UNRATE
2020-07-01,10.2,UNRATE
2020-08-01,8.4,UNRATE
2020-09-01,7.8,UNRATE
2020-10-01,6.9,UNRATE
2020-11-01,6.7,UNRATE
2020-12-01,6.7,UNRATE
2021-01-01,6.4,UNRATE
2021-02-01,6.2,UNRATE
2021-03-01,6.1,UNRATE
2021-04-01,6.1,UNRATE
2021-05-01,5.8,UNRATE
2021-06-01,5.9,UNRATE
2021-07-01,5.4,UNRATE
2021-08-01,5.1,UNRATE
2021-09-01,4.7,UNRATE
2021-10-01,4.5,UNRATE
2021-11-01,4.1,UNRATE
2021-12-01,3.9,UNRATE
2022-01-01,4.0,UNRATE
2022-02-01,3.9,UNRATE
2022-03-01,3.7,UNRATE
2022-04-01,3.7,UNRATE
2022-05-01,3.6,UNRATE
2022-06-01,3.6,UNRATE
2022-07-01,3.5,UNRATE
2022-08-01,3.6,UNRATE
2022-09-01,3.5,UNRATE
2022-10-01,3.6,UNRATE
2022-11-01,3.6,UNRATE
2022-12-01,3.5,UNRATE
2023-01-01,3.5,UNRATE
2023-02-01,3.6,UNRATE
2023-03-01,3.5,UNRATE
2023-04-01,3.4,UNRATE
2023-05-01,3.6,UNRATE
2023-06-01,3.6,UNRATE
2023-07-01,3.5,UNRATE
2023-08-01,3.7,UNRATE
2023-09-01,3.7,UNRATE
2023-10-01,3.9,UNRATE
2023-11-01,3.7,UNRATE
2023-12-01,3.8,UNRATE
2024-01-01,3.7,UNRATE
2024-02-01,3.9,UNRATE
2024-03-01,3.9,UNRATE
2024-04-01,3.9,UNRATE
2024-05-01,3.9,UNRATE
2024-06-01,4.1,UNRATE
2024-07-01,4.2,UNRATE
2024-08-01,4.2,UNRATE
2024-09-01,4.1,UNRATE
2024-10-01,4.1,UNRATE
2024-11-01,4.2,UNRATE
2024-12-01,4.1,UNRATE
2025-01-01,4.0,UNRATE
2025-02-01,4.2,UNRATE
2025-03-01,4.2,UNRATE
2025-04-01,4.2,UNRATE
2025-05-01,4.3,UNRATE
2025-06-01,4.1,UNRATE
2025-07-01,4.3,UNRATE
2025-08-01,4.3,UNRATE
2025-09-01,4.4,UNRATE
2025-10-01,,UNRATE
2025-11-01,4.5,UNRATE
2025-12-01,4.4,UNRATE
2026-01-01,4.3,UNRATE
2026-02-01,4.4,UNRATE
2000-01-01,8.2792,DEXCHUS
2000-02-01,8.2781,DEXCHUS
2000-03-01,8.2786,DEXCHUS
2000-04-01,8.2793,DEXCHUS
2000-05-01,8.2781,DEXCHUS
2000-06-01,8.2772,DEXCHUS
2000-07-01,8.2794,DEXCHUS
2000-08-01,8.2796,DEXCHUS
2000-09-01,8.2785,DEXCHUS
2000-10-01,8.2785,DEXCHUS
2000-11-01,8.2774,DEXCHUS
2000-12-01,8.2771,DEXCHUS
2001-01-01,8.2776,DEXCHUS
2001-02-01,8.2771,DEXCHUS
2001-03-01,8.2775,DEXCHUS
2001-04-01,8.2771,DEXCHUS
2001-05-01,8.277,DEXCHUS
2001-06-01,8.277,DEXCHUS
2001-07-01,8.2769,DEXCHUS
2001-08-01,8.277,DEXCHUS
2001-09-01,8.2768,DEXCHUS
2001-10-01,8.2768,DEXCHUS
2001-11-01,8.2769,DEXCHUS
2001-12-01,8.2764,DEXCHUS
2002-01-01,8.2771,DEXCHUS
2002-02-01,8.2767,DEXCHUS
2002-03-01,8.2773,DEXCHUS
2002-04-01,8.2772,DEXCHUS
2002-05-01,8.277,DEXCHUS
2002-06-01,8.2767,DEXCHUS
2002-07-01,8.2768,DEXCHUS
2002-08-01,8.2767,DEXCHUS
2002-09-01,8.277,DEXCHUS
2002-10-01,8.2772,DEXCHUS
2002-11-01,8.2772,DEXCHUS
2002-12-01,8.2777,DEXCHUS
2003-01-01,8.2775,DEXCHUS
2003-02-01,8.278,DEXCHUS
2003-03-01,8.2773,DEXCHUS
2003-04-01,8.2772,DEXCHUS
2003-05-01,8.2769,DEXCHUS
2003-06-01,8.2771,DEXCHUS
2003-07-01,8.2773,DEXCHUS
2003-08-01,8.277,DEXCHUS
2003-09-01,8.2772,DEXCHUS
2003-10-01,8.2768,DEXCHUS
2003-11-01,8.2769,DEXCHUS
2003-12-01,8.277,DEXCHUS
2004-01-01,8.277,DEXCHUS
2004-02-01,8.2771,DEXCHUS
2004-03-01,8.2771,DEXCHUS
2004-04-01,8.2769,DEXCHUS
2004-05-01,8.2771,DEXCHUS
2004-06-01,8.2767,DEXCHUS
2004-07-01,8.2767,DEXCHUS
2004-08-01,8.2768,DEXCHUS
2004-09-01,8.2767,DEXCHUS
2004-10-01,8.2765,DEXCHUS
2004-11-01,8.2765,DEXCHUS
2004-12-01,8.2765,DEXCHUS
2005-01-01,8.2765,DEXCHUS
2005-02-01,8.2765,DEXCHUS
2005-03-01,8.2765,DEXCHUS
2005-04-01,8.2765,DEXCHUS
2005-05-01,8.2765,DEXCHUS
2005-06-01,8.2765,DEXCHUS
2005-07-01,8.2264,DEXCHUS
2005-08-01,8.1017,DEXCHUS
2005-09-01,8.0919,DEXCHUS
2005-10-01,8.0895,DEXCHUS
2005-11-01,8.084,DEXCHUS
2005-12-01,8.0755,DEXCHUS
2006-01-01,8.0654,DEXCHUS
2006-02-01,8.0512,DEXCHUS
2006-03-01,8.035,DEXCHUS
2006-04-01,8.0143,DEXCHUS
2006-05-01,8.0131,DEXCHUS
2006-06-01,8.0042,DEXCHUS
2006-07-01,7.9897,DEXCHUS
2006-08-01,7.9722,DEXCHUS
2006-09-01,7.9334,DEXCHUS
2006-10-01,7.9018,DEXCHUS
2006-11-01,7.8622,DEXCHUS
2006-12-01,7.8219,DEXCHUS
2007-01-01,7.7876,DEXCHUS
2007-02-01,7.7502,DEXCHUS
2007-03-01,7.7369,DEXCHUS
2007-04-01,7.7247,DEXCHUS
2007-05-01,7.6773,DEXCHUS
2007-06-01,7.6333,DEXCHUS
2007-07-01,7.5757,DEXCHUS
2007-08-01,7.5734,DEXCHUS
2007-09-01,7.521,DEXCHUS
2007-10-01,7.5019,DEXCHUS
2007-11-01,7.421,DEXCHUS
2007-12-01,7.3682,DEXCHUS
2008-01-01,7.2405,DEXCHUS
2008-02-01,7.1644,DEXCHUS
2008-03-01,7.0722,DEXCHUS
2008-04-01,6.9997,DEXCHUS
2008-05-01,6.9725,DEXCHUS
2008-06-01,6.8993,DEXCHUS
2008-07-01,6.8355,DEXCHUS
2008-08-01,6.8462,DEXCHUS
2008-09-01,6.8307,DEXCHUS
2008-10-01,6.8358,DEXCHUS
2008-11-01,6.8281,DEXCHUS
2008-12-01,6.8539,DEXCHUS
2009-01-01,6.836,DEXCHUS
2009-02-01,6.8363,DEXCHUS
2009-03-01,6.836,DEXCHUS
2009-04-01,6.8306,DEXCHUS
2009-05-01,6.8235,DEXCHUS
2009-06-01,6.8334,DEXCHUS
2009-07-01,6.8317,DEXCHUS
2009-08-01,6.8323,DEXCHUS
2009-09-01,6.8277,DEXCHUS
2009-10-01,6.8267,DEXCHUS
2009-11-01,6.8271,DEXCHUS
2009-12-01,6.8275,DEXCHUS
2010-01-01,6.8269,DEXCHUS
2010-02-01,6.8285,DEXCHUS
2010-03-01,6.8262,DEXCHUS
2010-04-01,6.8256,DEXCHUS
2010-05-01,6.8275,DEXCHUS
2010-06-01,6.8184,DEXCHUS
2010-07-01,6.7762,DEXCHUS
2010-08-01,6.7873,DEXCHUS
2010-09-01,6.7396,DEXCHUS
2010-10-01,6.6678,DEXCHUS
2010-11-01,6.6538,DEXCHUS
2010-12-01,6.6497,DEXCHUS
2011-01-01,6.5964,DEXCHUS
2011-02-01,6.5761,DEXCHUS
2011-03-01,6.5645,DEXCHUS
2011-04-01,6.5267,DEXCHUS
2011-05-01,6.4957,DEXCHUS
2011-06-01,6.4746,DEXCHUS
2011-07-01,6.4575,DEXCHUS
2011-08-01,6.4036,DEXCHUS
2011-09-01,6.3885,DEXCHUS
2011-10-01,6.371,DEXCHUS
2011-11-01,6.3564,DEXCHUS
2011-12-01,6.3482,DEXCHUS
2012-01-01,6.3172,DEXCHUS
2012-02-01,6.2997,DEXCHUS
2012-03-01,6.3125,DEXCHUS
2012-04-01,6.3043,DEXCHUS
2012-05-01,6.3242,DEXCHUS
2012-06-01,6.3633,DEXCHUS
2012-07-01,6.3717,DEXCHUS
2012-08-01,6.3593,DEXCHUS
2012-09-01,6.32,DEXCHUS
2012-10-01,6.2627,DEXCHUS
2012-11-01,6.2338,DEXCHUS
2012-12-01,6.2328,DEXCHUS
2013-01-01,6.2215,DEXCHUS
2013-02-01,6.2323,DEXCHUS
2013-03-01,6.2154,DEXCHUS
2013-04-01,6.1861,DEXCHUS
2013-05-01,6.1416,DEXCHUS
2013-06-01,6.1342,DEXCHUS
2013-07-01,6.1343,DEXCHUS
2013-08-01,6.1213,DEXCHUS
2013-09-01,6.1198,DEXCHUS
2013-10-01,6.1032,DEXCHUS
2013-11-01,6.0929,DEXCHUS
2013-12-01,6.0738,DEXCHUS
2014-01-01,6.0509,DEXCHUS
2014-02-01,6.0816,DEXCHUS
2014-03-01,6.1729,DEXCHUS
2014-04-01,6.2246,DEXCHUS
2014-05-01,6.238,DEXCHUS
2014-06-01,6.2306,DEXCHUS
2014-07-01,6.1984,DEXCHUS
2014-08-01,6.1541,DEXCHUS
2014-09-01,6.1382,DEXCHUS
2014-10-01,6.1251,DEXCHUS
2014-11-01,6.1249,DEXCHUS
2014-12-01,6.1886,DEXCHUS
2015-01-01,6.2181,DEXCHUS
2015-02-01,6.2518,DEXCHUS
2015-03-01,6.2386,DEXCHUS
2015-04-01,6.201,DEXCHUS
2015-05-01,6.2035,DEXCHUS
2015-06-01,6.2052,DEXCHUS
2015-07-01,6.2085,DEXCHUS
2015-08-01,6.3383,DEXCHUS
2015-09-01,6.3676,DEXCHUS
2015-10-01,6.3505,DEXCHUS
2015-11-01,6.364,DEXCHUS
2015-12-01,6.4491,DEXCHUS
2016-01-01,6.5726,DEXCHUS
2016-02-01,6.5501,DEXCHUS
2016-03-01,6.5027,DEXCHUS
2016-04-01,6.4754,DEXCHUS
2016-05-01,6.5259,DEXCHUS
2016-06-01,6.5892,DEXCHUS
2016-07-01,6.6771,DEXCHUS
2016-08-01,6.6466,DEXCHUS
2016-09-01,6.6702,DEXCHUS
2016-10-01,6.7303,DEXCHUS
2016-11-01,6.8402,DEXCHUS
2016-12-01,6.9198,DEXCHUS
2017-01-01,6.8907,DEXCHUS
2017-02-01,6.8694,DEXCHUS
2017-03-01,6.894,DEXCHUS
2017-04-01,6.8876,DEXCHUS
2017-05-01,6.8843,DEXCHUS
2017-06-01,6.8066,DEXCHUS
2017-07-01,6.7694,DEXCHUS
2017-08-01,6.667,DEXCHUS
2017-09-01,6.569,DEXCHUS
2017-10-01,6.6254,DEXCHUS
2017-11-01,6.62,DEXCHUS
2017-12-01,6.5932,DEXCHUS
2018-01-01,6.4233,DEXCHUS
2018-02-01,6.3183,DEXCHUS
2018-03-01,6.3174,DEXCHUS
2018-04-01,6.2967,DEXCHUS
2018-05-01,6.3701,DEXCHUS
2018-06-01,6.4651,DEXCHUS
2018-07-01,6.7164,DEXCHUS
2018-08-01,6.8453,DEXCHUS
2018-09-01,6.8551,DEXCHUS
2018-10-01,6.9191,DEXCHUS
2018-11-01,6.9367,DEXCHUS
2018-12-01,6.8837,DEXCHUS
2019-01-01,6.7863,DEXCHUS
2019-02-01,6.7367,DEXCHUS
2019-03-01,6.7119,DEXCHUS
2019-04-01,6.7161,DEXCHUS
2019-05-01,6.8519,DEXCHUS
2019-06-01,6.8977,DEXCHUS
2019-07-01,6.8775,DEXCHUS
2019-08-01,7.0629,DEXCHUS
2019-09-01,7.1137,DEXCHUS
2019-10-01,7.0961,DEXCHUS
2019-11-01,7.0199,DEXCHUS
2019-12-01,7.0137,DEXCHUS
2020-01-01,6.9184,DEXCHUS
2020-02-01,6.9967,DEXCHUS
2020-03-01,7.0205,DEXCHUS
2020-04-01,7.0708,DEXCHUS
2020-05-01,7.1016,DEXCHUS
2020-06-01,7.0816,DEXCHUS
2020-07-01,7.0041,DEXCHUS
2020-08-01,6.927,DEXCHUS
2020-09-01,6.8106,DEXCHUS
2020-10-01,6.7254,DEXCHUS
2020-11-01,6.6029,DEXCHUS
2020-12-01,6.5393,DEXCHUS
2021-01-01,6.4672,DEXCHUS
2021-02-01,6.4601,DEXCHUS
2021-03-01,6.5109,DEXCHUS
2021-04-01,6.5186,DEXCHUS
2021-05-01,6.4321,DEXCHUS
2021-06-01,6.425,DEXCHUS
2021-07-01,6.4763,DEXCHUS
2021-08-01,6.4768,DEXCHUS
2021-09-01,6.4563,DEXCHUS
2021-10-01,6.4172,DEXCHUS
2021-11-01,6.3889,DEXCHUS
2021-12-01,6.3693,DEXCHUS
2022-01-01,6.3556,DEXCHUS
2022-02-01,6.3436,DEXCHUS
2022-03-01,6.3446,DEXCHUS
2022-04-01,6.431,DEXCHUS
2022-05-01,6.699,DEXCHUS
2022-06-01,6.6952,DEXCHUS
2022-07-01,6.7352,DEXCHUS
2022-08-01,6.8007,DEXCHUS
2022-09-01,7.0195,DEXCHUS
2022-10-01,7.1902,DEXCHUS
2022-11-01,7.1812,DEXCHUS
2022-12-01,6.9717,DEXCHUS
2023-01-01,6.7904,DEXCHUS
2023-02-01,6.838,DEXCHUS
2023-03-01,6.8909,DEXCHUS
2023-04-01,6.8876,DEXCHUS
2023-05-01,6.9854,DEXCHUS
2023-06-01,7.1614,DEXCHUS
2023-07-01,7.1863,DEXCHUS
2023-08-01,7.2486,DEXCHUS
2023-09-01,7.2979,DEXCHUS
2023-10-01,7.3071,DEXCHUS
2023-11-01,7.2226,DEXCHUS
2023-12-01,7.1402,DEXCHUS
2024-01-01,7.1707,DEXCHUS
2024-02-01,7.1935,DEXCHUS
2024-03-01,7.2015,DEXCHUS
2024-04-01,7.2374,DEXCHUS
2024-05-01,7.2327,DEXCHUS
2024-06-01,7.2547,DEXCHUS
2024-07-01,7.2609,DEXCHUS
2024-08-01,7.1475,DEXCHUS
2024-09-01,7.076,DEXCHUS
2024-10-01,7.0881,DEXCHUS
2024-11-01,7.2063,DEXCHUS
2024-12-01,7.2807,DEXCHUS
2025-01-01,7.2957,DEXCHUS
2025-02-01,7.2734,DEXCHUS
2025-03-01,7.2493,DEXCHUS
2025-04-01,7.2968,DEXCHUS
2025-05-01,7.2166,DEXCHUS
2025-06-01,7.1804,DEXCHUS
2025-07-01,7.1741,DEXCHUS
2025-08-01,7.1727,DEXCHUS
2025-09-01,7.1235,DEXCHUS
2025-10-01,7.12,DEXCHUS
2025-11-01,7.1069,DEXCHUS
2025-12-01,7.0432,DEXCHUS
2026-01-01,6.9692,DEXCHUS
2026-02-01,6.9064,DEXCHUS
2026-03-01,,DEXCHUS
